{
    "wins": 16,
    "losses": 28,
    "active_trades": {
        "XAUT/USD": {
            "side": "Long trade",
            "entry": 4343.6,
            "exchange": "kraken",
            "sl": 4256.728,
            "tp1": 4408.754,
            "tp2": 4473.908,
            "tp3": 4560.780000000001,
            "tp1_hit": false,
            "tp2_hit": false
        },
        "HTX/USDT": {
            "side": "Long trade",
            "entry": 1.6377e-06,
            "exchange": "gateio",
            "sl": 1.604946e-06,
            "tp1": 1.6622655e-06,
            "tp2": 1.686831e-06,
            "tp3": 1.719585e-06,
            "tp1_hit": false,
            "tp2_hit": false
        },
        "BDX/USDT": {
            "side": "Long trade",
            "entry": 0.10384,
            "exchange": "gateio",
            "sl": 0.1017632,
            "tp1": 0.1053976,
            "tp2": 0.1069552,
            "tp3": 0.109032,
            "tp1_hit": false,
            "tp2_hit": false
        },
        "LEO/USDT": {
            "side": "Short trade",
            "entry": 9.62,
            "exchange": "gateio",
            "sl": 9.8124,
            "tp1": 9.4757,
            "tp2": 9.331399999999999,
            "tp3": 9.139,
            "tp1_hit": false,
            "tp2_hit": false
        },
        "AVAX/USD": {
            "side": "Short trade",
            "entry": 13.75,
            "exchange": "kraken",
            "sl": 13.75,
            "tp1": 13.54375,
            "tp2": 13.3375,
            "tp3": 13.0625,
            "tp1_hit": true,
            "tp2_hit": true
        },
        "ENA/USD": {
            "side": "Short trade",
            "entry": 0.2363,
            "exchange": "kraken",
            "sl": 0.24102600000000002,
            "tp1": 0.2327555,
            "tp2": 0.229211,
            "tp3": 0.224485,
            "tp1_hit": false,
            "tp2_hit": false
        },
        "PAXG/USD": {
            "side": "Short trade",
            "entry": 4329.0,
            "exchange": "kraken",
            "sl": 4415.58,
            "tp1": 4264.065,
            "tp2": 4199.13,
            "tp3": 4112.55,
            "tp1_hit": false,
            "tp2_hit": false
        },
        "SKY/USD": {
            "side": "Short trade",
            "entry": 0.06334,
            "exchange": "kraken",
            "sl": 0.06460679999999999,
            "tp1": 0.06238989999999999,
            "tp2": 0.06143979999999999,
            "tp3": 0.06017299999999999,
            "tp1_hit": false,
            "tp2_hit": false
        },
        "TRUMP/USD": {
            "side": "Short trade",
            "entry": 5.009,
            "exchange": "kraken",
            "sl": 5.10918,
            "tp1": 4.933865,
            "tp2": 4.85873,
            "tp3": 4.7585500000000005,
            "tp1_hit": false,
            "tp2_hit": false
        },
        "BONK/USD": {
            "side": "Short trade",
            "entry": 8.957e-06,
            "exchange": "kraken",
            "sl": 9.136140000000002e-06,
            "tp1": 8.822645e-06,
            "tp2": 8.68829e-06,
            "tp3": 8.50915e-06,
            "tp1_hit": false,
            "tp2_hit": false
        },
        "DOGE/USD": {
            "side": "Short trade",
            "entry": 0.1393999,
            "exchange": "kraken",
            "sl": 0.142187898,
            "tp1": 0.1373089015,
            "tp2": 0.135217903,
            "tp3": 0.132429905,
            "tp1_hit": false,
            "tp2_hit": false
        }
    },
    "balance": 447.5
}