{
    "wins": 8,
    "losses": 13,
    "active_trades": {
        "RENDER/USD": {
            "side": "Long trade",
            "entry": 1.294,
            "sl": 1.26812,
            "tp1": 1.31341,
            "tp2": 1.3328200000000001,
            "tp3": 1.3587,
            "tp1_hit": false
        },
        "XRP/USD": {
            "side": "Short trade",
            "entry": 1.86506,
            "sl": 1.86506,
            "tp1": 1.8370841,
            "tp2": 1.8091081999999998,
            "tp3": 1.771807,
            "tp1_hit": true
        },
        "APT/USD": {
            "side": "Short trade",
            "entry": 1.7289,
            "exchange": "kraken",
            "sl": 1.7289,
            "tp1": 1.7029665,
            "tp2": 1.677033,
            "tp3": 1.642455,
            "tp1_hit": true
        },
        "XAUT/USD": {
            "side": "Long trade",
            "entry": 4343.6,
            "exchange": "kraken",
            "sl": 4256.728,
            "tp1": 4408.754,
            "tp2": 4473.908,
            "tp3": 4560.780000000001,
            "tp1_hit": false
        },
        "QNT/USD": {
            "side": "Long trade",
            "entry": 69.89,
            "exchange": "kraken",
            "sl": 68.4922,
            "tp1": 70.93835,
            "tp2": 71.9867,
            "tp3": 73.3845,
            "tp1_hit": false
        },
        "M/USD": {
            "side": "Short trade",
            "entry": 1.5872,
            "exchange": "kraken",
            "sl": 1.5872,
            "tp1": 1.563392,
            "tp2": 1.5395839999999998,
            "tp3": 1.5078399999999998,
            "tp1_hit": true
        },
        "BDX/USDT": {
            "side": "Long trade",
            "entry": 0.10597,
            "exchange": "gateio",
            "sl": 0.10385059999999999,
            "tp1": 0.10755954999999999,
            "tp2": 0.1091491,
            "tp3": 0.11126849999999999,
            "tp1_hit": false
        },
        "HTX/USDT": {
            "side": "Long trade",
            "entry": 1.6377e-06,
            "exchange": "gateio",
            "sl": 1.604946e-06,
            "tp1": 1.6622655e-06,
            "tp2": 1.686831e-06,
            "tp3": 1.719585e-06,
            "tp1_hit": false
        },
        "ALGO/USD": {
            "side": "Long trade",
            "entry": 0.11043,
            "exchange": "kraken",
            "sl": 0.1082214,
            "tp1": 0.11208644999999999,
            "tp2": 0.11374290000000001,
            "tp3": 0.1159515,
            "tp1_hit": false
        },
        "ATOM/USD": {
            "side": "Long trade",
            "entry": 1.9189,
            "exchange": "kraken",
            "sl": 1.880522,
            "tp1": 1.9476835,
            "tp2": 1.9764670000000002,
            "tp3": 2.014845,
            "tp1_hit": false
        },
        "VET/USDT": {
            "side": "Long trade",
            "entry": 0.010439,
            "exchange": "gateio",
            "sl": 0.01023022,
            "tp1": 0.010595585,
            "tp2": 0.01075217,
            "tp3": 0.01096095,
            "tp1_hit": false
        }
    }
}