{
    "wins": 3,
    "losses": 5,
    "active_trades": {
        "AVAX/USD": {
            "side": "Long trade",
            "entry": 12.34,
            "sl": 12.34,
            "tp1": 12.525099999999998,
            "tp2": 12.7102,
            "tp3": 12.957,
            "tp1_hit": true
        },
        "RENDER/USD": {
            "side": "Long trade",
            "entry": 1.294,
            "sl": 1.26812,
            "tp1": 1.31341,
            "tp2": 1.3328200000000001,
            "tp3": 1.3587,
            "tp1_hit": false
        },
        "SHIB/USD": {
            "side": "Long trade",
            "entry": 7.16e-06,
            "sl": 7.0168e-06,
            "tp1": 7.267399999999999e-06,
            "tp2": 7.3748e-06,
            "tp3": 7.518000000000001e-06,
            "tp1_hit": false
        },
        "XRP/USD": {
            "side": "Short trade",
            "entry": 1.86506,
            "sl": 1.9023611999999999,
            "tp1": 1.8370841,
            "tp2": 1.8091081999999998,
            "tp3": 1.771807,
            "tp1_hit": false
        },
        "NEXO/USDT": {
            "side": "Long trade",
            "entry": 0.8982,
            "exchange": "gateio",
            "sl": 0.880236,
            "tp1": 0.911673,
            "tp2": 0.925146,
            "tp3": 0.94311,
            "tp1_hit": false
        },
        "APT/USD": {
            "side": "Short trade",
            "entry": 1.7289,
            "exchange": "kraken",
            "sl": 1.763478,
            "tp1": 1.7029665,
            "tp2": 1.677033,
            "tp3": 1.642455,
            "tp1_hit": false
        },
        "XAUT/USD": {
            "side": "Long trade",
            "entry": 4343.6,
            "exchange": "kraken",
            "sl": 4256.728,
            "tp1": 4408.754,
            "tp2": 4473.908,
            "tp3": 4560.780000000001,
            "tp1_hit": false
        },
        "AAVE/USD": {
            "side": "Long trade",
            "entry": 149.59,
            "exchange": "kraken",
            "sl": 146.5982,
            "tp1": 151.83384999999998,
            "tp2": 154.07770000000002,
            "tp3": 157.0695,
            "tp1_hit": false
        },
        "VET/USDT": {
            "side": "Long trade",
            "entry": 0.010879,
            "exchange": "gateio",
            "sl": 0.01066142,
            "tp1": 0.011042185,
            "tp2": 0.01120537,
            "tp3": 0.01142295,
            "tp1_hit": false
        },
        "QNT/USD": {
            "side": "Long trade",
            "entry": 69.89,
            "exchange": "kraken",
            "sl": 68.4922,
            "tp1": 70.93835,
            "tp2": 71.9867,
            "tp3": 73.3845,
            "tp1_hit": false
        },
        "FLR/USD": {
            "side": "Long trade",
            "entry": 0.01057,
            "exchange": "kraken",
            "sl": 0.010358599999999999,
            "tp1": 0.010728549999999998,
            "tp2": 0.0108871,
            "tp3": 0.0110985,
            "tp1_hit": false
        },
        "MYX/USD": {
            "side": "Short trade",
            "entry": 3.715,
            "exchange": "kraken",
            "sl": 3.7893,
            "tp1": 3.6592749999999996,
            "tp2": 3.60355,
            "tp3": 3.5292499999999998,
            "tp1_hit": false
        }
    }
}