{
    "wins": 3,
    "losses": 1,
    "active_trades": {
        "AVAX/USD": {
            "side": "Long trade",
            "entry": 12.34,
            "sl": 12.34,
            "tp1": 12.525099999999998,
            "tp2": 12.7102,
            "tp3": 12.957,
            "tp1_hit": true
        },
        "RENDER/USD": {
            "side": "Long trade",
            "entry": 1.294,
            "sl": 1.26812,
            "tp1": 1.31341,
            "tp2": 1.3328200000000001,
            "tp3": 1.3587,
            "tp1_hit": false
        },
        "SHIB/USD": {
            "side": "Long trade",
            "entry": 7.16e-06,
            "sl": 7.0168e-06,
            "tp1": 7.267399999999999e-06,
            "tp2": 7.3748e-06,
            "tp3": 7.518000000000001e-06,
            "tp1_hit": false
        },
        "INJ/USD": {
            "side": "Long trade",
            "entry": 4.546,
            "sl": 4.455080000000001,
            "tp1": 4.61419,
            "tp2": 4.68238,
            "tp3": 4.773300000000001,
            "tp1_hit": false
        },
        "VIRTUAL/USD": {
            "side": "Long trade",
            "entry": 0.6753,
            "sl": 0.6753,
            "tp1": 0.6854294999999999,
            "tp2": 0.695559,
            "tp3": 0.7090650000000001,
            "tp1_hit": true
        },
        "XRP/USD": {
            "side": "Short trade",
            "entry": 1.86506,
            "sl": 1.9023611999999999,
            "tp1": 1.8370841,
            "tp2": 1.8091081999999998,
            "tp3": 1.771807,
            "tp1_hit": false
        },
        "XLM/USD": {
            "side": "Long trade",
            "entry": 0.213221,
            "sl": 0.20895658,
            "tp1": 0.21641931499999997,
            "tp2": 0.21961763,
            "tp3": 0.22388205,
            "tp1_hit": false
        },
        "NEXO/USDT": {
            "side": "Long trade",
            "entry": 0.8982,
            "exchange": "gateio",
            "sl": 0.880236,
            "tp1": 0.911673,
            "tp2": 0.925146,
            "tp3": 0.94311,
            "tp1_hit": false
        },
        "APT/USD": {
            "side": "Short trade",
            "entry": 1.7289,
            "exchange": "kraken",
            "sl": 1.763478,
            "tp1": 1.7029665,
            "tp2": 1.677033,
            "tp3": 1.642455,
            "tp1_hit": false
        }
    }
}