{
    "wins": 0,
    "losses": 4,
    "balance": 460.0,
    "active_trades": {
        "PYUSD/USD": {
            "side": "Short trade",
            "entry": 0.9998,
            "sl": 1.0197960000000001,
            "tp1": 0.984803,
            "tp2": 0.969806,
            "tp3": 0.9498099999999999,
            "tp1_hit": false,
            "tp2_hit": false
        },
        "USDS/USD": {
            "side": "Short trade",
            "entry": 0.9717,
            "sl": 0.9911340000000001,
            "tp1": 0.9571245,
            "tp2": 0.942549,
            "tp3": 0.923115,
            "tp1_hit": false,
            "tp2_hit": false
        },
        "USDG/USDT": {
            "side": "Long trade",
            "entry": 1.0008,
            "sl": 0.9807839999999999,
            "tp1": 1.0158119999999997,
            "tp2": 1.030824,
            "tp3": 1.05084,
            "tp1_hit": false,
            "tp2_hit": false
        },
        "UNI/USD": {
            "side": "Short trade",
            "entry": 5.785,
            "sl": 5.9007000000000005,
            "tp1": 5.698225,
            "tp2": 5.61145,
            "tp3": 5.49575,
            "tp1_hit": false,
            "tp2_hit": false
        },
        "USDE/USDT": {
            "side": "Long trade",
            "entry": 0.9998,
            "sl": 0.979804,
            "tp1": 1.014797,
            "tp2": 1.029794,
            "tp3": 1.04979,
            "tp1_hit": false,
            "tp2_hit": false
        }
    }
}