{
    "wins": 0,
    "losses": 8,
    "balance": 420.0,
    "active_trades": {
        "PYUSD/USD": {
            "side": "Short trade",
            "entry": 0.9998,
            "sl": 1.0197960000000001,
            "tp1": 0.984803,
            "tp2": 0.969806,
            "tp3": 0.9498099999999999,
            "tp1_hit": false,
            "tp2_hit": false
        },
        "USDG/USDT": {
            "side": "Long trade",
            "entry": 1.0008,
            "sl": 0.9807839999999999,
            "tp1": 1.0158119999999997,
            "tp2": 1.030824,
            "tp3": 1.05084,
            "tp1_hit": false,
            "tp2_hit": false
        },
        "USDE/USDT": {
            "side": "Long trade",
            "entry": 0.9998,
            "sl": 0.979804,
            "tp1": 1.014797,
            "tp2": 1.029794,
            "tp3": 1.04979,
            "tp1_hit": false,
            "tp2_hit": false
        },
        "WEETH/USDT": {
            "side": "Long trade",
            "entry": 3456.84,
            "sl": 3387.7032,
            "tp1": 3508.6926,
            "tp2": 3560.5452,
            "tp3": 3629.6820000000002,
            "tp1_hit": false,
            "tp2_hit": false
        },
        "XMR/USDT": {
            "side": "Short trade",
            "entry": 421.59,
            "sl": 430.0218,
            "tp1": 415.26615,
            "tp2": 408.9423,
            "tp3": 400.5105,
            "tp1_hit": false,
            "tp2_hit": false
        },
        "USDS/USD": {
            "side": "Short trade",
            "entry": 0.9719,
            "sl": 0.991338,
            "tp1": 0.9573214999999999,
            "tp2": 0.942743,
            "tp3": 0.9233049999999999,
            "tp1_hit": false,
            "tp2_hit": false
        }
    }
}