{
    "wins": 16,
    "losses": 21,
    "active_trades": {
        "XAUT/USD": {
            "side": "Long trade",
            "entry": 4343.6,
            "exchange": "kraken",
            "sl": 4256.728,
            "tp1": 4408.754,
            "tp2": 4473.908,
            "tp3": 4560.780000000001,
            "tp1_hit": false,
            "tp2_hit": false
        },
        "HTX/USDT": {
            "side": "Long trade",
            "entry": 1.6377e-06,
            "exchange": "gateio",
            "sl": 1.604946e-06,
            "tp1": 1.6622655e-06,
            "tp2": 1.686831e-06,
            "tp3": 1.719585e-06,
            "tp1_hit": false,
            "tp2_hit": false
        },
        "PI/USDT": {
            "side": "Short trade",
            "entry": 0.20408,
            "exchange": "gateio",
            "sl": 0.2081616,
            "tp1": 0.2010188,
            "tp2": 0.1979576,
            "tp3": 0.193876,
            "tp1_hit": false,
            "tp2_hit": false
        },
        "NEXO/USDT": {
            "side": "Short trade",
            "entry": 0.8959,
            "exchange": "gateio",
            "sl": 0.913818,
            "tp1": 0.8824615,
            "tp2": 0.869023,
            "tp3": 0.851105,
            "tp1_hit": false,
            "tp2_hit": false
        },
        "BDX/USDT": {
            "side": "Long trade",
            "entry": 0.10384,
            "exchange": "gateio",
            "sl": 0.1017632,
            "tp1": 0.1053976,
            "tp2": 0.1069552,
            "tp3": 0.109032,
            "tp1_hit": false,
            "tp2_hit": false
        },
        "BTC/USD": {
            "side": "Short trade",
            "entry": 88257.8,
            "exchange": "kraken",
            "sl": 90022.956,
            "tp1": 86933.933,
            "tp2": 85610.066,
            "tp3": 83844.91,
            "tp1_hit": false,
            "tp2_hit": false
        },
        "LEO/USDT": {
            "side": "Short trade",
            "entry": 9.62,
            "exchange": "gateio",
            "sl": 9.8124,
            "tp1": 9.4757,
            "tp2": 9.331399999999999,
            "tp3": 9.139,
            "tp1_hit": false,
            "tp2_hit": false
        },
        "AVAX/USD": {
            "side": "Short trade",
            "entry": 13.75,
            "exchange": "kraken",
            "sl": 13.75,
            "tp1": 13.54375,
            "tp2": 13.3375,
            "tp3": 13.0625,
            "tp1_hit": true,
            "tp2_hit": true
        },
        "APT/USD": {
            "side": "Short trade",
            "entry": 1.8666,
            "exchange": "kraken",
            "sl": 1.8666,
            "tp1": 1.838601,
            "tp2": 1.810602,
            "tp3": 1.77327,
            "tp1_hit": true,
            "tp2_hit": false
        },
        "SEI/USD": {
            "side": "Short trade",
            "entry": 0.11699,
            "exchange": "kraken",
            "sl": 0.1193298,
            "tp1": 0.11523515,
            "tp2": 0.11348029999999999,
            "tp3": 0.11114049999999999,
            "tp1_hit": false,
            "tp2_hit": false
        },
        "LTC/USD": {
            "side": "Short trade",
            "entry": 79.56,
            "exchange": "kraken",
            "sl": 81.1512,
            "tp1": 78.3666,
            "tp2": 77.1732,
            "tp3": 75.582,
            "tp1_hit": false,
            "tp2_hit": false
        },
        "NEAR/USD": {
            "side": "Short trade",
            "entry": 1.644,
            "exchange": "kraken",
            "sl": 1.67688,
            "tp1": 1.6193399999999998,
            "tp2": 1.5946799999999999,
            "tp3": 1.5617999999999999,
            "tp1_hit": false,
            "tp2_hit": false
        },
        "QNT/USD": {
            "side": "Short trade",
            "entry": 77.0,
            "exchange": "kraken",
            "sl": 78.54,
            "tp1": 75.845,
            "tp2": 74.69,
            "tp3": 73.14999999999999,
            "tp1_hit": false,
            "tp2_hit": false
        }
    },
    "balance": 500.0
}