{
    "wins": 25,
    "losses": 33,
    "active_trades": {
        "XAUT/USD": {
            "side": "Long trade",
            "entry": 4343.6,
            "exchange": "kraken",
            "sl": 4256.728,
            "tp1": 4408.754,
            "tp2": 4473.908,
            "tp3": 4560.780000000001,
            "tp1_hit": false,
            "tp2_hit": false
        },
        "HTX/USDT": {
            "side": "Long trade",
            "entry": 1.6377e-06,
            "exchange": "gateio",
            "sl": 1.6377e-06,
            "tp1": 1.6622655e-06,
            "tp2": 1.686831e-06,
            "tp3": 1.719585e-06,
            "tp1_hit": true,
            "tp2_hit": false
        },
        "BDX/USDT": {
            "side": "Long trade",
            "entry": 0.10384,
            "exchange": "gateio",
            "sl": 0.10384,
            "tp1": 0.1053976,
            "tp2": 0.1069552,
            "tp3": 0.109032,
            "tp1_hit": true,
            "tp2_hit": false
        },
        "LEO/USDT": {
            "side": "Short trade",
            "entry": 9.62,
            "exchange": "gateio",
            "sl": 9.62,
            "tp1": 9.4757,
            "tp2": 9.331399999999999,
            "tp3": 9.139,
            "tp1_hit": true,
            "tp2_hit": true
        },
        "PAXG/USD": {
            "side": "Short trade",
            "entry": 4329.0,
            "exchange": "kraken",
            "sl": 4415.58,
            "tp1": 4264.065,
            "tp2": 4199.13,
            "tp3": 4112.55,
            "tp1_hit": false,
            "tp2_hit": false
        },
        "DOGE/USD": {
            "side": "Short trade",
            "entry": 0.1434514,
            "exchange": "kraken",
            "sl": 0.1434514,
            "tp1": 0.141299629,
            "tp2": 0.139147858,
            "tp3": 0.13627883,
            "tp1_hit": true,
            "tp2_hit": false
        },
        "XRP/USD": {
            "side": "Short trade",
            "entry": 2.00951,
            "exchange": "kraken",
            "sl": 2.0497002,
            "tp1": 1.9793673500000002,
            "tp2": 1.9492247,
            "tp3": 1.9090345,
            "tp1_hit": false,
            "tp2_hit": false
        },
        "SHIB/USD": {
            "side": "Short trade",
            "entry": 8.13e-06,
            "exchange": "kraken",
            "sl": 8.13e-06,
            "tp1": 8.00805e-06,
            "tp2": 7.8861e-06,
            "tp3": 7.7235e-06,
            "tp1_hit": true,
            "tp2_hit": true
        }
    },
    "balance": 449.84375
}