{
    "wins": 0,
    "losses": 3,
    "balance": 470.0,
    "active_trades": {
        "PYUSD/USD": {
            "side": "Short trade",
            "entry": 0.9998,
            "sl": 1.0197960000000001,
            "tp1": 0.984803,
            "tp2": 0.969806,
            "tp3": 0.9498099999999999,
            "tp1_hit": false,
            "tp2_hit": false
        },
        "USDS/USD": {
            "side": "Long trade",
            "entry": 1.0,
            "sl": 0.98,
            "tp1": 1.015,
            "tp2": 1.03,
            "tp3": 1.05,
            "tp1_hit": false,
            "tp2_hit": false
        }
    }
}