{
    "wins": 17,
    "losses": 30,
    "active_trades": {
        "XAUT/USD": {
            "side": "Long trade",
            "entry": 4343.6,
            "exchange": "kraken",
            "sl": 4256.728,
            "tp1": 4408.754,
            "tp2": 4473.908,
            "tp3": 4560.780000000001,
            "tp1_hit": false,
            "tp2_hit": false
        },
        "HTX/USDT": {
            "side": "Long trade",
            "entry": 1.6377e-06,
            "exchange": "gateio",
            "sl": 1.604946e-06,
            "tp1": 1.6622655e-06,
            "tp2": 1.686831e-06,
            "tp3": 1.719585e-06,
            "tp1_hit": false,
            "tp2_hit": false
        },
        "BDX/USDT": {
            "side": "Long trade",
            "entry": 0.10384,
            "exchange": "gateio",
            "sl": 0.1017632,
            "tp1": 0.1053976,
            "tp2": 0.1069552,
            "tp3": 0.109032,
            "tp1_hit": false,
            "tp2_hit": false
        },
        "LEO/USDT": {
            "side": "Short trade",
            "entry": 9.62,
            "exchange": "gateio",
            "sl": 9.62,
            "tp1": 9.4757,
            "tp2": 9.331399999999999,
            "tp3": 9.139,
            "tp1_hit": true,
            "tp2_hit": false
        },
        "ENA/USD": {
            "side": "Short trade",
            "entry": 0.2363,
            "exchange": "kraken",
            "sl": 0.24102600000000002,
            "tp1": 0.2327555,
            "tp2": 0.229211,
            "tp3": 0.224485,
            "tp1_hit": false,
            "tp2_hit": false
        },
        "PAXG/USD": {
            "side": "Short trade",
            "entry": 4329.0,
            "exchange": "kraken",
            "sl": 4415.58,
            "tp1": 4264.065,
            "tp2": 4199.13,
            "tp3": 4112.55,
            "tp1_hit": false,
            "tp2_hit": false
        },
        "SKY/USD": {
            "side": "Short trade",
            "entry": 0.06334,
            "exchange": "kraken",
            "sl": 0.06460679999999999,
            "tp1": 0.06238989999999999,
            "tp2": 0.06143979999999999,
            "tp3": 0.06017299999999999,
            "tp1_hit": false,
            "tp2_hit": false
        },
        "TRUMP/USD": {
            "side": "Short trade",
            "entry": 5.009,
            "exchange": "kraken",
            "sl": 5.10918,
            "tp1": 4.933865,
            "tp2": 4.85873,
            "tp3": 4.7585500000000005,
            "tp1_hit": false,
            "tp2_hit": false
        },
        "BONK/USD": {
            "side": "Short trade",
            "entry": 9.2e-06,
            "exchange": "kraken",
            "sl": 9.384e-06,
            "tp1": 9.062e-06,
            "tp2": 8.924e-06,
            "tp3": 8.74e-06,
            "tp1_hit": false,
            "tp2_hit": false
        },
        "DOGE/USD": {
            "side": "Short trade",
            "entry": 0.1434514,
            "exchange": "kraken",
            "sl": 0.146320428,
            "tp1": 0.141299629,
            "tp2": 0.139147858,
            "tp3": 0.13627883,
            "tp1_hit": false,
            "tp2_hit": false
        },
        "XRP/USD": {
            "side": "Short trade",
            "entry": 2.00951,
            "exchange": "kraken",
            "sl": 2.0497002,
            "tp1": 1.9793673500000002,
            "tp2": 1.9492247,
            "tp3": 1.9090345,
            "tp1_hit": false,
            "tp2_hit": false
        },
        "SHIB/USD": {
            "side": "Short trade",
            "entry": 8.13e-06,
            "exchange": "kraken",
            "sl": 8.292600000000001e-06,
            "tp1": 8.00805e-06,
            "tp2": 7.8861e-06,
            "tp3": 7.7235e-06,
            "tp1_hit": false,
            "tp2_hit": false
        },
        "PEPE/USD": {
            "side": "Short trade",
            "entry": 5.958e-06,
            "exchange": "kraken",
            "sl": 6.077160000000001e-06,
            "tp1": 5.8686300000000004e-06,
            "tp2": 5.7792600000000005e-06,
            "tp3": 5.6601e-06,
            "tp1_hit": false,
            "tp2_hit": false
        },
        "POL/USD": {
            "side": "Short trade",
            "entry": 0.11317,
            "exchange": "kraken",
            "sl": 0.1154334,
            "tp1": 0.11147245,
            "tp2": 0.10977490000000001,
            "tp3": 0.1075115,
            "tp1_hit": false,
            "tp2_hit": false
        },
        "ALGO/USD": {
            "side": "Short trade",
            "entry": 0.12724,
            "exchange": "kraken",
            "sl": 0.1297848,
            "tp1": 0.12533139999999998,
            "tp2": 0.12342279999999999,
            "tp3": 0.12087799999999999,
            "tp1_hit": false,
            "tp2_hit": false
        }
    },
    "balance": 433.90625
}