{
    "wins": 0,
    "losses": 1,
    "balance": 490.0,
    "active_trades": {
        "PYUSD/USD": {
            "side": "Short trade",
            "entry": 0.9998,
            "sl": 1.0197960000000001,
            "tp1": 0.984803,
            "tp2": 0.969806,
            "tp3": 0.9498099999999999,
            "tp1_hit": false,
            "tp2_hit": false
        },
        "USDS/USD": {
            "side": "Short trade",
            "entry": 0.97141,
            "sl": 0.9908382,
            "tp1": 0.95683885,
            "tp2": 0.9422676999999999,
            "tp3": 0.9228394999999999,
            "tp1_hit": false,
            "tp2_hit": false
        },
        "ZEC/USD": {
            "side": "Long trade",
            "entry": 511.76,
            "sl": 501.52479999999997,
            "tp1": 519.4363999999999,
            "tp2": 527.1128,
            "tp3": 537.348,
            "tp1_hit": false,
            "tp2_hit": false
        }
    }
}