{
    "wins": 7,
    "losses": 10,
    "active_trades": {
        "AVAX/USD": {
            "side": "Long trade",
            "entry": 12.34,
            "sl": 12.34,
            "tp1": 12.525099999999998,
            "tp2": 12.7102,
            "tp3": 12.957,
            "tp1_hit": true
        },
        "RENDER/USD": {
            "side": "Long trade",
            "entry": 1.294,
            "sl": 1.26812,
            "tp1": 1.31341,
            "tp2": 1.3328200000000001,
            "tp3": 1.3587,
            "tp1_hit": false
        },
        "XRP/USD": {
            "side": "Short trade",
            "entry": 1.86506,
            "sl": 1.9023611999999999,
            "tp1": 1.8370841,
            "tp2": 1.8091081999999998,
            "tp3": 1.771807,
            "tp1_hit": false
        },
        "APT/USD": {
            "side": "Short trade",
            "entry": 1.7289,
            "exchange": "kraken",
            "sl": 1.7289,
            "tp1": 1.7029665,
            "tp2": 1.677033,
            "tp3": 1.642455,
            "tp1_hit": true
        },
        "XAUT/USD": {
            "side": "Long trade",
            "entry": 4343.6,
            "exchange": "kraken",
            "sl": 4256.728,
            "tp1": 4408.754,
            "tp2": 4473.908,
            "tp3": 4560.780000000001,
            "tp1_hit": false
        },
        "AAVE/USD": {
            "side": "Long trade",
            "entry": 149.59,
            "exchange": "kraken",
            "sl": 146.5982,
            "tp1": 151.83384999999998,
            "tp2": 154.07770000000002,
            "tp3": 157.0695,
            "tp1_hit": false
        },
        "QNT/USD": {
            "side": "Long trade",
            "entry": 69.89,
            "exchange": "kraken",
            "sl": 68.4922,
            "tp1": 70.93835,
            "tp2": 71.9867,
            "tp3": 73.3845,
            "tp1_hit": false
        },
        "ALGO/USD": {
            "side": "Long trade",
            "entry": 0.11342,
            "exchange": "kraken",
            "sl": 0.1111516,
            "tp1": 0.1151213,
            "tp2": 0.11682260000000001,
            "tp3": 0.11909100000000002,
            "tp1_hit": false
        },
        "M/USD": {
            "side": "Short trade",
            "entry": 1.5872,
            "exchange": "kraken",
            "sl": 1.5872,
            "tp1": 1.563392,
            "tp2": 1.5395839999999998,
            "tp3": 1.5078399999999998,
            "tp1_hit": true
        },
        "LEO/USDT": {
            "side": "Short trade",
            "entry": 9.396,
            "exchange": "gateio",
            "sl": 9.58392,
            "tp1": 9.25506,
            "tp2": 9.11412,
            "tp3": 8.9262,
            "tp1_hit": false
        },
        "BDX/USDT": {
            "side": "Long trade",
            "entry": 0.10597,
            "exchange": "gateio",
            "sl": 0.10385059999999999,
            "tp1": 0.10755954999999999,
            "tp2": 0.1091491,
            "tp3": 0.11126849999999999,
            "tp1_hit": false
        },
        "FLR/USD": {
            "side": "Long trade",
            "entry": 0.01023,
            "exchange": "kraken",
            "sl": 0.01023,
            "tp1": 0.010383449999999999,
            "tp2": 0.0105369,
            "tp3": 0.0107415,
            "tp1_hit": true
        }
    }
}